-- Seed data for skills-market D1 database

INSERT OR REPLACE INTO creators (id, slug, name, handle, bio, website, github, verified, is_official, total_skills, total_stars, total_downloads, joined_at, tags_json) VALUES
('creator-1','anthropic','Anthropic','anthropics','Official skills for reasoning, writing, research, and knowledge work.','https://www.anthropic.com','https://github.com/anthropics',1,1,8,128000,816000,'2025-01-12','["official","llm","writing"]'),
('creator-2','cloudflare','Cloudflare','cloudflare','Edge, Workers, Pages and infrastructure-focused skills.','https://www.cloudflare.com','https://github.com/cloudflare',1,1,9,35800,32300,'2025-02-01','["official","edge","infra"]'),
('creator-3','openai','OpenAI','openai','Skills for multimodal assistants, coding, and evaluation pipelines.','https://openai.com','https://github.com/openai',1,1,5,91000,89600,'2025-01-28','["official","agents","multimodal"]'),
('creator-4','vercel','Vercel','vercel-labs','Skills for frontend craft, React patterns, and performance.','https://vercel.com','https://github.com/vercel',1,1,6,154000,231000,'2025-03-02','["official","frontend","performance"]'),
('creator-5','github','GitHub','github','Skills for repos, PR workflows, CI, and developer collaboration.','https://github.com','https://github.com/github',1,1,4,110000,52800,'2025-02-18','["official","git","ci"]'),
('creator-6','supabase','Supabase','supabase','Skills for Postgres, auth, storage, and app backends.','https://supabase.com','https://github.com/supabase',1,1,4,78000,50900,'2025-03-11','["official","database","backend"]');

INSERT OR REPLACE INTO repos (id, slug, name, description, creator_id, category, tags_json, total_skills, stars, downloads, is_official, updated_at, version, license) VALUES
('repo-1','anthropic-skills','skills','Anthropic official skills collection.','creator-1','writing','["official","reasoning"]',4,52000,540000,1,'2026-03-20','2.8.0','MIT'),
('repo-2','anthropic-claude-code','claude-code','Developer workflows and frontend craft.','creator-1','coding','["coding","frontend"]',4,41000,276000,1,'2026-03-18','1.9.0','MIT'),
('repo-3','cloudflare-skills','skills','Cloudflare platform skills for edge development.','creator-2','devops','["workers","pages","edge"]',5,18300,32100,1,'2026-03-26','1.6.0','Apache-2.0'),
('repo-4','cloudflare-docs','cloudflare-docs','Documentation-derived skills for product workflows.','creator-2','research','["docs","ops"]',4,2400,800,1,'2026-03-15','1.1.0','Apache-2.0'),
('repo-5','openai-skills','skills','OpenAI official skills for apps and agents.','creator-3','analysis','["agents","evals"]',5,30800,89600,1,'2026-03-24','1.4.0','MIT'),
('repo-6','vercel-agent-skills','agent-skills','Vercel frontend and framework best practices.','creator-4','design','["nextjs","react"]',3,67200,164000,1,'2026-03-21','3.2.0','MIT'),
('repo-7','vercel-next-skills','next-skills','Patterns for shipping modern Next.js products.','creator-4','coding','["nextjs","fullstack"]',3,41800,67000,1,'2026-03-17','2.0.0','MIT'),
('repo-8','github-awesome-copilot','awesome-copilot','GitHub Copilot and Azure-oriented skills.','creator-5','automation','["copilot","azure"]',2,53900,52800,1,'2026-03-10','4.0.0','MIT'),
('repo-9','github-actions-skills','actions-skills','Skills for CI/CD and repo automation.','creator-5','automation','["actions","ci"]',2,22500,21300,1,'2026-03-09','1.2.0','MIT'),
('repo-10','supabase-agent-skills','agent-skills','Supabase best practices for auth and Postgres apps.','creator-6','data','["postgres","auth"]',2,19300,50900,1,'2026-03-22','2.3.0','Apache-2.0'),
('repo-11','supabase-starter-skills','starter-skills','Backend starter workflows for product teams.','creator-6','data','["backend","starter"]',2,9100,13100,1,'2026-03-05','1.0.0','Apache-2.0'),
('repo-12','cloudflare-workerd','workerd','Runtime-focused skills for compatibility and execution.','creator-2','security','["runtime","compat"]',2,1200,68,1,'2026-03-01','0.8.0','Apache-2.0');

INSERT OR REPLACE INTO skills (id, slug, name, description, long_description, repo_id, creator_id, category, tags_json, stars, downloads, is_official, version, updated_at, trigger_description, example_use_cases_json, install_command) VALUES
('skill-1','doc-coauthoring','Doc Coauthoring','doc coauthoring skill for Anthropic.','A production-ready skill page for doc-coauthoring in the skills repository.','repo-1','creator-1','writing','["docs","workflow"]',13010,135120,1,'1.0.0','2026-03-25','Use when the task clearly matches the skill focus.','["Shipping faster","Improving quality","Reducing manual work"]','npx skills add anthropics/skills/doc-coauthoring'),
('skill-2','canvas-design','Canvas Design','canvas design skill for Anthropic.','A production-ready skill page for canvas-design in the skills repository.','repo-1','creator-1','design','["art","static"]',13020,135240,1,'1.0.0','2026-03-25','Use when the task clearly matches the skill focus.','["Shipping faster","Improving quality","Reducing manual work"]','npx skills add anthropics/skills/canvas-design'),
('skill-3','theme-factory','Theme Factory','theme factory skill for Anthropic.','A production-ready skill page for theme-factory in the skills repository.','repo-1','creator-1','design','["theme","branding"]',13030,135360,1,'1.0.0','2026-03-25','Use when the task clearly matches the skill focus.','["Shipping faster","Improving quality","Reducing manual work"]','npx skills add anthropics/skills/theme-factory'),
('skill-4','pdf','Pdf','pdf skill for Anthropic.','A production-ready skill page for pdf in the skills repository.','repo-1','creator-1','analysis','["pdf","ocr"]',13040,135480,1,'1.0.0','2026-03-25','Use when the task clearly matches the skill focus.','["Shipping faster","Improving quality","Reducing manual work"]','npx skills add anthropics/skills/pdf'),
('skill-5','frontend-design','Frontend Design','frontend design skill for Anthropic.','A production-ready skill page for frontend-design in the claude-code repository.','repo-2','creator-1','design','["frontend","ui"]',10300,69600,1,'1.0.0','2026-03-25','Use when the task clearly matches the skill focus.','["Shipping faster","Improving quality","Reducing manual work"]','npx skills add anthropics/claude-code/frontend-design'),
('skill-6','skill-creator','Skill Creator','skill creator skill for Anthropic.','A production-ready skill page for skill-creator in the claude-code repository.','repo-2','creator-1','coding','["skills","builder"]',10310,69720,1,'1.0.0','2026-03-25','Use when the task clearly matches the skill focus.','["Shipping faster","Improving quality","Reducing manual work"]','npx skills add anthropics/claude-code/skill-creator'),
('skill-7','webapp-testing','Webapp Testing','webapp testing skill for Anthropic.','A production-ready skill page for webapp-testing in the claude-code repository.','repo-2','creator-1','automation','["playwright","qa"]',10320,69840,1,'1.0.0','2026-03-25','Use when the task clearly matches the skill focus.','["Shipping faster","Improving quality","Reducing manual work"]','npx skills add anthropics/claude-code/webapp-testing'),
('skill-8','pptx','Pptx','pptx skill for Anthropic.','A production-ready skill page for pptx in the claude-code repository.','repo-2','creator-1','writing','["slides","deck"]',10330,69960,1,'1.0.0','2026-03-25','Use when the task clearly matches the skill focus.','["Shipping faster","Improving quality","Reducing manual work"]','npx skills add anthropics/claude-code/pptx'),
('skill-9','wrangler','Wrangler','wrangler skill for Cloudflare.','A production-ready skill page for wrangler in the skills repository.','repo-3','creator-2','devops','["workers","cli"]',3750,7500,1,'1.0.0','2026-03-25','Use when the task clearly matches the skill focus.','["Shipping faster","Improving quality","Reducing manual work"]','npx skills add cloudflare/skills/wrangler'),
('skill-10','cloudflare','Cloudflare','cloudflare skill for Cloudflare.','A production-ready skill page for cloudflare in the skills repository.','repo-3','creator-2','devops','["pages","d1"]',3760,7620,1,'1.0.0','2026-03-25','Use when the task clearly matches the skill focus.','["Shipping faster","Improving quality","Reducing manual work"]','npx skills add cloudflare/skills/cloudflare'),
('skill-11','sandbox-sdk','Sandbox Sdk','sandbox sdk skill for Cloudflare.','A production-ready skill page for sandbox-sdk in the skills repository.','repo-3','creator-2','automation','["sandbox","execution"]',3770,7740,1,'1.0.0','2026-03-25','Use when the task clearly matches the skill focus.','["Shipping faster","Improving quality","Reducing manual work"]','npx skills add cloudflare/skills/sandbox-sdk'),
('skill-12','migrate-to-vinext','Migrate To Vinext','migrate to vinext skill for Cloudflare.','A production-ready skill page for migrate-to-vinext in the skills repository.','repo-3','creator-2','coding','["migration","vite"]',3780,7860,1,'1.0.0','2026-03-25','Use when the task clearly matches the skill focus.','["Shipping faster","Improving quality","Reducing manual work"]','npx skills add cloudflare/skills/migrate-to-vinext'),
('skill-13','web-perf','Web Perf','web perf skill for Cloudflare.','A production-ready skill page for web-perf in the cloudflare-docs repository.','repo-4','creator-2','analysis','["performance","audit"]',730,1760,1,'1.0.0','2026-03-25','Use when the task clearly matches the skill focus.','["Shipping faster","Improving quality","Reducing manual work"]','npx skills add cloudflare/cloudflare-docs/web-perf'),
('skill-14','changelog','Changelog','changelog skill for Cloudflare.','A production-ready skill page for changelog in the cloudflare-docs repository.','repo-4','creator-2','research','["release","updates"]',740,1880,1,'1.0.0','2026-03-25','Use when the task clearly matches the skill focus.','["Shipping faster","Improving quality","Reducing manual work"]','npx skills add cloudflare/cloudflare-docs/changelog'),
('skill-15','module-registry','Module Registry','module registry skill for Cloudflare.','A production-ready skill page for module-registry in the workerd repository.','repo-12','creator-2','security','["runtime","modules"]',750,1834,1,'1.0.0','2026-03-25','Use when the task clearly matches the skill focus.','["Shipping faster","Improving quality","Reducing manual work"]','npx skills add cloudflare/workerd/module-registry'),
('skill-16','add-compat-flag','Add Compat Flag','add compat flag skill for Cloudflare.','A production-ready skill page for add-compat-flag in the workerd repository.','repo-12','creator-2','security','["compatibility","runtime"]',760,1954,1,'1.0.0','2026-03-25','Use when the task clearly matches the skill focus.','["Shipping faster","Improving quality","Reducing manual work"]','npx skills add cloudflare/workerd/add-compat-flag'),
('skill-17','agents-sdk','Agents Sdk','agents sdk skill for OpenAI.','A production-ready skill page for agents-sdk in the skills repository.','repo-5','creator-3','coding','["agents","sdk"]',6330,19960,1,'1.0.0','2026-03-25','Use when the task clearly matches the skill focus.','["Shipping faster","Improving quality","Reducing manual work"]','npx skills add openai/skills/agents-sdk'),
('skill-18','evals-pipeline','Evals Pipeline','evals pipeline skill for OpenAI.','A production-ready skill page for evals-pipeline in the skills repository.','repo-5','creator-3','analysis','["evals","quality"]',6340,20080,1,'1.0.0','2026-03-25','Use when the task clearly matches the skill focus.','["Shipping faster","Improving quality","Reducing manual work"]','npx skills add openai/skills/evals-pipeline'),
('skill-19','realtime-apps','Realtime Apps','realtime apps skill for OpenAI.','A production-ready skill page for realtime-apps in the skills repository.','repo-5','creator-3','communication','["realtime","voice"]',6350,20200,1,'1.0.0','2026-03-25','Use when the task clearly matches the skill focus.','["Shipping faster","Improving quality","Reducing manual work"]','npx skills add openai/skills/realtime-apps'),
('skill-20','multimodal-studio','Multimodal Studio','multimodal studio skill for OpenAI.','A production-ready skill page for multimodal-studio in the skills repository.','repo-5','creator-3','design','["vision","audio"]',6360,20320,1,'1.0.0','2026-03-25','Use when the task clearly matches the skill focus.','["Shipping faster","Improving quality","Reducing manual work"]','npx skills add openai/skills/multimodal-studio'),
('skill-21','tool-calling-best-practices','Tool Calling Best Practices','tool calling best practices skill for OpenAI.','A production-ready skill page for tool-calling-best-practices in the skills repository.','repo-5','creator-3','automation','["tools","best-practices"]',6370,20440,1,'1.0.0','2026-03-25','Use when the task clearly matches the skill focus.','["Shipping faster","Improving quality","Reducing manual work"]','npx skills add openai/skills/tool-calling-best-practices'),
('skill-22','vercel-react-best-practices','Vercel React Best Practices','vercel react best practices skill for Vercel.','A production-ready skill page for vercel-react-best-practices in the agent-skills repository.','repo-6','creator-4','coding','["react","patterns"]',22620,57306,1,'1.0.0','2026-03-25','Use when the task clearly matches the skill focus.','["Shipping faster","Improving quality","Reducing manual work"]','npx skills add vercel-labs/agent-skills/vercel-react-best-practices'),
('skill-23','web-design-guidelines','Web Design Guidelines','web design guidelines skill for Vercel.','A production-ready skill page for web-design-guidelines in the agent-skills repository.','repo-6','creator-4','design','["ui","ux"]',22630,57426,1,'1.0.0','2026-03-25','Use when the task clearly matches the skill focus.','["Shipping faster","Improving quality","Reducing manual work"]','npx skills add vercel-labs/agent-skills/web-design-guidelines'),
('skill-24','seo-audit','Seo Audit','seo audit skill for Vercel.','A production-ready skill page for seo-audit in the agent-skills repository.','repo-6','creator-4','analysis','["seo","audit"]',22640,57546,1,'1.0.0','2026-03-25','Use when the task clearly matches the skill focus.','["Shipping faster","Improving quality","Reducing manual work"]','npx skills add vercel-labs/agent-skills/seo-audit'),
('skill-25','next-best-practices','Next Best Practices','next best practices skill for Vercel.','A production-ready skill page for next-best-practices in the next-skills repository.','repo-7','creator-4','coding','["nextjs","app-router"]',14183,25333,1,'1.0.0','2026-03-25','Use when the task clearly matches the skill focus.','["Shipping faster","Improving quality","Reducing manual work"]','npx skills add vercel-labs/next-skills/next-best-practices'),
('skill-26','edge-rendering-patterns','Edge Rendering Patterns','edge rendering patterns skill for Vercel.','A production-ready skill page for edge-rendering-patterns in the next-skills repository.','repo-7','creator-4','coding','["edge","rendering"]',14193,25453,1,'1.0.0','2026-03-25','Use when the task clearly matches the skill focus.','["Shipping faster","Improving quality","Reducing manual work"]','npx skills add vercel-labs/next-skills/edge-rendering-patterns'),
('skill-27','streaming-ux','Streaming Ux','streaming ux skill for Vercel.','A production-ready skill page for streaming-ux in the next-skills repository.','repo-7','creator-4','design','["streaming","ux"]',14203,25573,1,'1.0.0','2026-03-25','Use when the task clearly matches the skill focus.','["Shipping faster","Improving quality","Reducing manual work"]','npx skills add vercel-labs/next-skills/streaming-ux'),
('skill-28','azure-ai','Azure Ai','azure ai skill for GitHub.','A production-ready skill page for azure-ai in the awesome-copilot repository.','repo-8','creator-5','automation','["azure","copilot"]',27230,29760,1,'1.0.0','2026-03-25','Use when the task clearly matches the skill focus.','["Shipping faster","Improving quality","Reducing manual work"]','npx skills add github/awesome-copilot/azure-ai'),
('skill-29','azure-observability','Azure Observability','azure observability skill for GitHub.','A production-ready skill page for azure-observability in the awesome-copilot repository.','repo-8','creator-5','devops','["telemetry","azure"]',27240,29880,1,'1.0.0','2026-03-25','Use when the task clearly matches the skill focus.','["Shipping faster","Improving quality","Reducing manual work"]','npx skills add github/awesome-copilot/azure-observability'),
('skill-30','github-actions-ci','Github Actions Ci','github actions ci skill for GitHub.','A production-ready skill page for github-actions-ci in the actions-skills repository.','repo-9','creator-5','automation','["github-actions","ci"]',11550,14250,1,'1.0.0','2026-03-25','Use when the task clearly matches the skill focus.','["Shipping faster","Improving quality","Reducing manual work"]','npx skills add github/actions-skills/github-actions-ci'),
('skill-31','pr-review-automation','Pr Review Automation','pr review automation skill for GitHub.','A production-ready skill page for pr-review-automation in the actions-skills repository.','repo-9','creator-5','communication','["pr","review"]',11560,14370,1,'1.0.0','2026-03-25','Use when the task clearly matches the skill focus.','["Shipping faster","Improving quality","Reducing manual work"]','npx skills add github/actions-skills/pr-review-automation'),
('skill-32','supabase-postgres-best-practices','Supabase Postgres Best Practices','supabase postgres best practices skill for Supabase.','A production-ready skill page for supabase-postgres-best-practices in the agent-skills repository.','repo-10','creator-6','data','["postgres","sql"]',9970,29290,1,'1.0.0','2026-03-25','Use when the task clearly matches the skill focus.','["Shipping faster","Improving quality","Reducing manual work"]','npx skills add supabase/agent-skills/supabase-postgres-best-practices'),
('skill-33','supabase-auth-patterns','Supabase Auth Patterns','supabase auth patterns skill for Supabase.','A production-ready skill page for supabase-auth-patterns in the agent-skills repository.','repo-10','creator-6','security','["auth","session"]',9980,29410,1,'1.0.0','2026-03-25','Use when the task clearly matches the skill focus.','["Shipping faster","Improving quality","Reducing manual work"]','npx skills add supabase/agent-skills/supabase-auth-patterns'),
('skill-34','backend-starter-kit','Backend Starter Kit','backend starter kit skill for Supabase.','A production-ready skill page for backend-starter-kit in the starter-skills repository.','repo-11','creator-6','data','["starter","backend"]',4890,10630,1,'1.0.0','2026-03-25','Use when the task clearly matches the skill focus.','["Shipping faster","Improving quality","Reducing manual work"]','npx skills add supabase/starter-skills/backend-starter-kit'),
('skill-35','storage-and-rules','Storage And Rules','storage and rules skill for Supabase.','A production-ready skill page for storage-and-rules in the starter-skills repository.','repo-11','creator-6','security','["storage","rules"]',4900,10750,1,'1.0.0','2026-03-25','Use when the task clearly matches the skill focus.','["Shipping faster","Improving quality","Reducing manual work"]','npx skills add supabase/starter-skills/storage-and-rules');
